ABG04	chapters/theory/derived_langlands.tex:1480;chapters/theory/chiral_koszul_pairs.tex:6013	none
ACL19	chapters/theory/higher_genus_modular_koszul.tex:8729;chapters/theory/higher_genus_modular_koszul.tex:9190;chapters/examples/w_algebras.tex:3008;chapters/examples/w_algebras.tex:3016	none
AEMM19	chapters/connections/entanglement_modular_koszul.tex:1081	none
AF15	chapters/theory/higher_genus_complementarity.tex:4068;chapters/theory/higher_genus_complementarity.tex:4153;chapters/theory/higher_genus_complementarity.tex:4227;chapters/theory/higher_genus_complementarity.tex:4264;chapters/theory/higher_genus_complementarity.tex:4268;chapters/theory/higher_genus_complementarity.tex:4579;chapters/theory/higher_genus_complementarity.tex:4655;chapters/theory/higher_genus_complementarity.tex:4660;chapters/theory/higher_genus_complementarity.tex:4671;chapters/theory/configuration_spaces.tex:1195;chapters/theory/configuration_spaces.tex:1211;chapters/theory/configuration_spaces.tex:4883;chapters/theory/algebraic_foundations.tex:1599;chapters/theory/chiral_modules.tex:38;chapters/theory/bar_construction.tex:340;chapters/theory/bar_construction.tex:340;chapters/theory/bar_construction.tex:348;chapters/theory/bar_construction.tex:354;chapters/theory/hochschild_cohomology.tex:1308;chapters/theory/hochschild_cohomology.tex:1318;chapters/theory/hochschild_cohomology.tex:1453;chapters/theory/hochschild_cohomology.tex:1455;chapters/theory/higher_genus_foundations.tex:1425;chapters/theory/higher_genus_foundations.tex:2664;chapters/theory/poincare_duality.tex:638;chapters/theory/bar_cobar_adjunction_inversion.tex:2940;chapters/theory/bar_cobar_adjunction_inversion.tex:3601;chapters/theory/bar_cobar_adjunction_inversion.tex:3711;chapters/theory/bar_cobar_adjunction_inversion.tex:3747;chapters/theory/bar_cobar_adjunction_inversion.tex:3804;chapters/theory/bar_cobar_adjunction_inversion.tex:3823;chapters/theory/en_koszul_duality.tex:631;chapters/theory/en_koszul_duality.tex:692;chapters/theory/en_koszul_duality.tex:695;chapters/theory/en_koszul_duality.tex:738;chapters/connections/concordance.tex:587;chapters/connections/editorial_constitution.tex:1659;chapters/connections/editorial_constitution.tex:1680;chapters/connections/editorial_constitution.tex:2372;chapters/connections/thqg_open_closed_realization.tex:659;chapters/connections/thqg_open_closed_realization.tex:688;chapters/connections/thqg_open_closed_realization.tex:690;chapters/connections/thqg_open_closed_realization.tex:717;chapters/connections/thqg_open_closed_realization.tex:747;chapters/connections/thqg_open_closed_realization.tex:843;chapters/connections/thqg_open_closed_realization.tex:867;chapters/examples/free_fields.tex:3679;chapters/examples/deformation_quantization.tex:792	none
AF20	chapters/connections/concordance.tex:587	none
AGT09	chapters/connections/frontier_modular_holography_platonic.tex:4658;chapters/examples/w_algebras.tex:2602	none
AHS01	chapters/theory/en_koszul_duality.tex:6884;chapters/connections/frontier_modular_holography_platonic.tex:5314	none
AK18	chapters/theory/hochschild_cohomology.tex:1257	none
AMT24	chapters/connections/concordance.tex:1550;chapters/connections/concordance.tex:1564;chapters/connections/concordance.tex:1693;chapters/connections/concordance.tex:5271;chapters/connections/frontier_modular_holography_platonic.tex:3827;chapters/connections/frontier_modular_holography_platonic.tex:3849;chapters/connections/genus_complete.tex:1301;chapters/connections/genus_complete.tex:1720;chapters/connections/editorial_constitution.tex:2269	none
AS94	chapters/theory/chiral_hochschild_koszul.tex:2588	none
ASV18	chapters/theory/higher_genus_modular_koszul.tex:27422;chapters/theory/higher_genus_modular_koszul.tex:27492	none
Achar03	chapters/examples/w_algebras_deep.tex:2100	none
Adamovic1999	chapters/examples/n2_superconformal.tex:295;chapters/examples/w_algebras_deep.tex:5246	none
AdamovicMilas2008	chapters/theory/chiral_modules.tex:2283;chapters/theory/chiral_modules.tex:2411;chapters/examples/logarithmic_w_algebras.tex:110;chapters/examples/logarithmic_w_algebras.tex:284;chapters/examples/logarithmic_w_algebras.tex:384;chapters/examples/logarithmic_w_algebras.tex:403	none
Ahlfors79	chapters/theory/fourier_seed.tex:545	none
Almheiri-Dong-Harlow15	chapters/connections/thqg_entanglement_programme.tex:587;chapters/connections/thqg_entanglement_programme.tex:630;chapters/connections/holographic_codes_koszul.tex:206	none
Alvarez1983	chapters/theory/higher_genus_modular_koszul.tex:29754;chapters/theory/higher_genus_modular_koszul.tex:29814;chapters/connections/arithmetic_shadows.tex:10142	none
Andersen92	chapters/theory/chiral_modules.tex:1645	none
Ara07	chapters/theory/chiral_hochschild_koszul.tex:4231;chapters/theory/chiral_hochschild_koszul.tex:4234;chapters/theory/chiral_modules.tex:2039;chapters/theory/chiral_modules.tex:4398;chapters/theory/hochschild_cohomology.tex:239;chapters/examples/kac_moody.tex:1920	none
Ara12	chapters/theory/higher_genus_complementarity.tex:654;chapters/theory/chiral_modules.tex:4293;chapters/theory/bar_cobar_adjunction_inversion.tex:2062	none
Ara15	chapters/examples/w_algebras.tex:774	none
Ara74	chapters/theory/higher_genus_foundations.tex:745;chapters/connections/feynman_diagrams.tex:998	none
Arakawa15	chapters/theory/existence_criteria.tex:544;chapters/theory/hochschild_cohomology.tex:1267	none
Arakawa17	chapters/theory/chiral_modules.tex:2094;chapters/theory/chiral_modules.tex:2118;chapters/theory/chiral_modules.tex:2155;chapters/theory/koszul_pair_structure.tex:1357;chapters/theory/bar_cobar_adjunction_inversion.tex:1816;chapters/examples/w_algebras.tex:992;chapters/examples/w_algebras.tex:2868;chapters/examples/w_algebras.tex:2873;chapters/examples/w_algebras.tex:2906;chapters/examples/w_algebras.tex:3041;chapters/examples/minimal_model_fusion.tex:65;chapters/examples/minimal_model_fusion.tex:75;chapters/examples/kac_moody.tex:2743;chapters/examples/kac_moody.tex:2753;chapters/examples/kac_moody.tex:2760;chapters/examples/kac_moody.tex:3476;chapters/examples/kac_moody.tex:3485;chapters/examples/kac_moody.tex:3500;chapters/examples/kac_moody.tex:3556;chapters/examples/kac_moody.tex:3585;chapters/examples/kac_moody.tex:3651;chapters/examples/w_algebras_deep.tex:117	none
Arakawa2005Duke	chapters/theory/bar_cobar_adjunction_inversion.tex:2062	none
Arakawa2015ICM	chapters/theory/bar_cobar_adjunction_inversion.tex:2062	none
Arakawa2016RationalAdmissible	chapters/theory/bar_cobar_adjunction_inversion.tex:1816;chapters/theory/bar_cobar_adjunction_inversion.tex:2062;chapters/theory/bar_cobar_adjunction_inversion.tex:4940;chapters/theory/bar_cobar_adjunction_inversion.tex:4958;chapters/connections/concordance.tex:9289	none
ArakawaMoreau17	chapters/examples/w_algebras.tex:774	none
Arkhipov97	chapters/connections/bv_brst.tex:549;chapters/connections/bv_brst.tex:974;chapters/connections/editorial_constitution.tex:2070	none
Atiyah71	chapters/examples/free_fields.tex:3952	none
AvE23	chapters/theory/koszul_pair_structure.tex:1220;chapters/examples/logarithmic_w_algebras.tex:298	none
BB81	chapters/theory/chiral_modules.tex:1793;chapters/theory/chiral_modules.tex:4086;chapters/theory/chiral_modules.tex:4108;chapters/theory/chiral_modules.tex:4270;chapters/theory/chiral_koszul_pairs.tex:5982	none
BCOV93	chapters/theory/e1_modular_koszul.tex:617;chapters/theory/higher_genus_modular_koszul.tex:30151	none
BEHFH96	chapters/theory/bar_cobar_adjunction_curved.tex:5393	none
BFM04	chapters/theory/derived_langlands.tex:1474;chapters/theory/chiral_koszul_pairs.tex:6003	none
BFN18	chapters/connections/editorial_constitution.tex:2104;chapters/connections/editorial_constitution.tex:2119;chapters/examples/yangians_computations.tex:41;chapters/examples/w_algebras_deep.tex:3374	none
BG24	chapters/connections/editorial_constitution.tex:2204	none
BGG76	chapters/theory/chiral_modules.tex:1589;chapters/theory/chiral_modules.tex:1612;chapters/theory/chiral_modules.tex:2779;chapters/theory/chiral_modules.tex:3040;chapters/examples/bar_complex_tables.tex:2201;chapters/examples/bar_complex_tables.tex:4258	none
BH86	chapters/theory/higher_genus_modular_koszul.tex:3179;chapters/theory/higher_genus_modular_koszul.tex:3293	none
BK01	chapters/theory/derived_langlands.tex:1261;chapters/connections/genus_complete.tex:368	none
BK1986	chapters/connections/arithmetic_shadows.tex:10035	none
BK81	chapters/theory/chiral_modules.tex:1793;chapters/theory/chiral_modules.tex:4270;chapters/theory/chiral_koszul_pairs.tex:5983	none
BK86	chapters/connections/bv_brst.tex:1551;chapters/connections/genus_complete.tex:1512;chapters/examples/free_fields.tex:4977;chapters/examples/free_fields.tex:5191	none
BL15	chapters/theory/chiral_hochschild_koszul.tex:1650;chapters/theory/chiral_hochschild_koszul.tex:3132	none
BL24	chapters/connections/concordance.tex:730	none
BLPW16	chapters/examples/yangians_computations.tex:134	none
BLZ99	chapters/connections/arithmetic_shadows.tex:4282;chapters/connections/arithmetic_shadows.tex:4305	none
BPZ84	chapters/theory/poincare_duality_quantum.tex:1099;chapters/examples/minimal_model_examples.tex:231;chapters/examples/minimal_model_fusion.tex:257;chapters/examples/minimal_model_fusion.tex:456;chapters/examples/free_fields.tex:5145	BPZ
BRvR14-6d	chapters/connections/frontier_modular_holography_platonic.tex:4952;chapters/connections/frontier_modular_holography_platonic.tex:5042	none
BT15	chapters/connections/frontier_modular_holography_platonic.tex:5134	none
BTZ92	chapters/connections/entanglement_modular_koszul.tex:704	none
BV85	chapters/theory/chiral_modules.tex:2149;chapters/theory/koszul_pair_structure.tex:2689;chapters/examples/w_algebras.tex:479;chapters/examples/w_algebras_deep.tex:2100	none
BW83	chapters/theory/algebraic_foundations.tex:1461;chapters/theory/algebraic_foundations.tex:1738;chapters/theory/poincare_duality_quantum.tex:1181	none
BZFN10	chapters/theory/hochschild_cohomology.tex:771;chapters/theory/hochschild_cohomology.tex:786;chapters/theory/hochschild_cohomology.tex:1003;chapters/theory/hochschild_cohomology.tex:1029;chapters/theory/hochschild_cohomology.tex:1123;chapters/theory/hochschild_cohomology.tex:1452	none
BarNatan95	chapters/connections/editorial_constitution.tex:1804;chapters/connections/editorial_constitution.tex:1841	none
Baranovsky08	chapters/theory/en_koszul_duality.tex:6909	none
Baxter82	chapters/examples/yangians_computations.tex:1150	none
Beauville	chapters/theory/chiral_modules.tex:616	none
BenjaminChang22	chapters/connections/arithmetic_shadows.tex:5674;chapters/connections/genus_complete.tex:2464	none
Berger01	chapters/theory/bar_cobar_adjunction_inversion.tex:1838	none
BittlestonCostello25	chapters/connections/frontier_modular_holography_platonic.tex:4940	none
BittlestonCostelloZeng24	chapters/connections/editorial_constitution.tex:2121	none
Boardman-conditional	chapters/theory/spectral_sequences.tex:243;chapters/theory/cobar_construction.tex:2727;chapters/theory/higher_genus_foundations.tex:2015	none
Bor92	chapters/theory/chiral_hochschild_koszul.tex:84;chapters/examples/moonshine.tex:269;chapters/examples/free_fields.tex:4980	none
Bouwknegt-Schoutens	chapters/theory/bar_cobar_adjunction_curved.tex:5392;chapters/examples/w_algebras.tex:2210;chapters/examples/w_algebras.tex:2229	none
Brieskorn73	chapters/theory/configuration_spaces.tex:3009	none
BrochierWoike2022	chapters/connections/thqg_open_closed_realization.tex:1298;chapters/connections/thqg_open_closed_realization.tex:1342;chapters/connections/thqg_open_closed_realization.tex:1363	none
Brown12	chapters/connections/arithmetic_shadows.tex:2770	none
BrunKlesh06	chapters/examples/yangians_computations.tex:2303;chapters/examples/yangians_computations.tex:2315	none
ButsonNair	chapters/theory/koszul_pair_structure.tex:1220;chapters/connections/subregular_hook_frontier.tex:190;chapters/connections/subregular_hook_frontier.tex:248;chapters/connections/subregular_hook_frontier.tex:1543;chapters/examples/w_algebras.tex:597	none
CDG20	chapters/connections/concordance.tex:6574;chapters/connections/semistrict_modular_higher_spin_w3.tex:66;chapters/connections/semistrict_modular_higher_spin_w3.tex:720;chapters/connections/frontier_modular_holography_platonic.tex:1138;chapters/connections/frontier_modular_holography_platonic.tex:1171;chapters/examples/w_algebras.tex:3112;chapters/examples/genus_expansions.tex:3758;chapters/examples/genus_expansions.tex:3774;chapters/examples/genus_expansions.tex:3794;chapters/examples/genus_expansions.tex:3833;chapters/examples/beta_gamma.tex:1656;chapters/examples/beta_gamma.tex:1687;chapters/examples/beta_gamma.tex:2959	none
CDG2023	chapters/theory/higher_genus_modular_koszul.tex:3167;chapters/examples/yangians_computations.tex:4409;chapters/examples/yangians_computations.tex:4457;chapters/examples/yangians_computations.tex:4477;chapters/examples/yangians_drinfeld_kohno.tex:2487;chapters/examples/yangians_drinfeld_kohno.tex:2743;chapters/examples/yangians_drinfeld_kohno.tex:6572;chapters/examples/kac_moody.tex:5934	none
CDG2024	chapters/theory/higher_genus_complementarity.tex:179;chapters/theory/koszul_pair_structure.tex:1831;chapters/theory/higher_genus_modular_koszul.tex:16788	none
CDN26	chapters/examples/kac_moody.tex:4251	none
CEE09	chapters/theory/higher_genus_modular_koszul.tex:33391;chapters/theory/higher_genus_modular_koszul.tex:33810	none
CEO06	chapters/connections/genus_complete.tex:486	none
CFG25	chapters/theory/en_koszul_duality.tex:3192;chapters/theory/en_koszul_duality.tex:4148;chapters/theory/en_koszul_duality.tex:4166;chapters/theory/en_koszul_duality.tex:4387	none
CFLN24	chapters/theory/koszul_pair_structure.tex:1220;chapters/connections/subregular_hook_frontier.tex:190;chapters/connections/subregular_hook_frontier.tex:1536;chapters/connections/subregular_hook_frontier.tex:1543;chapters/examples/w_algebras.tex:597	CLNS24
CG-vol2	chapters/theory/chiral_hochschild_koszul.tex:2785;chapters/theory/bar_cobar_adjunction_curved.tex:6472;chapters/theory/en_koszul_duality.tex:3999;chapters/theory/en_koszul_duality.tex:4009	none
CG97	chapters/theory/koszul_pair_structure.tex:2257	CG17
CL01	chapters/theory/higher_genus_modular_koszul.tex:10469	none
CL10	chapters/theory/chiral_hochschild_koszul.tex:2104;chapters/theory/higher_genus_modular_koszul.tex:10523;chapters/theory/higher_genus_modular_koszul.tex:31051	none
CL16	chapters/theory/higher_genus_complementarity.tex:2685	none
CM25	chapters/connections/concordance.tex:1004	none
CP2020	chapters/theory/poincare_duality_quantum.tex:116;chapters/theory/poincare_duality_quantum.tex:135;chapters/connections/editorial_constitution.tex:2017;chapters/connections/editorial_constitution.tex:2035;chapters/examples/symmetric_orbifolds.tex:462	none
CPS1999	chapters/connections/arithmetic_shadows.tex:8170;chapters/connections/arithmetic_shadows.tex:8178;chapters/connections/arithmetic_shadows.tex:8444	none
CPS2208	chapters/connections/frontier_modular_holography_platonic.tex:5036;chapters/connections/frontier_modular_holography_platonic.tex:5203	none
CPS2306	chapters/connections/frontier_modular_holography_platonic.tex:5036;chapters/connections/frontier_modular_holography_platonic.tex:5203;chapters/connections/frontier_modular_holography_platonic.tex:5250	none
CS24	chapters/theory/higher_genus_complementarity.tex:127	CLNS24
CWY18	chapters/examples/yangians_foundations.tex:72	none
Calabrese-Cardy04	chapters/connections/thqg_entanglement_programme.tex:416;chapters/connections/thqg_entanglement_programme.tex:451;chapters/connections/concordance.tex:6766;chapters/connections/entanglement_modular_koszul.tex:50;chapters/connections/entanglement_modular_koszul.tex:59;chapters/connections/entanglement_modular_koszul.tex:148	none
Cardy86	chapters/connections/entanglement_modular_koszul.tex:941	none
Carlip98	chapters/connections/entanglement_modular_koszul.tex:795;chapters/connections/entanglement_modular_koszul.tex:941	none
CattaneoFelder99	chapters/examples/deformation_quantization.tex:57	none
CattaneoMnev10	chapters/theory/en_koszul_duality.tex:1178;chapters/connections/editorial_constitution.tex:1856	none
ChariPressley94	chapters/examples/yangians_computations.tex:1642;chapters/examples/yangians_drinfeld_kohno.tex:3314;chapters/examples/yangians_drinfeld_kohno.tex:3491;chapters/examples/yangians_drinfeld_kohno.tex:3629;chapters/examples/yangians_drinfeld_kohno.tex:3644	none
Cliff19	chapters/theory/algebraic_foundations.tex:1320;chapters/theory/algebraic_foundations.tex:1328;chapters/theory/higher_genus_foundations.tex:909;chapters/theory/higher_genus_foundations.tex:5504;chapters/theory/higher_genus_modular_koszul.tex:29669;chapters/theory/higher_genus_modular_koszul.tex:29682	none
Coh76	chapters/theory/bar_construction.tex:1225;chapters/theory/en_koszul_duality.tex:211;chapters/theory/en_koszul_duality.tex:241;chapters/connections/editorial_constitution.tex:1751	none
Connes85	chapters/theory/hochschild_cohomology.tex:603;chapters/theory/hochschild_cohomology.tex:623;chapters/theory/hochschild_cohomology.tex:626;chapters/theory/hochschild_cohomology.tex:635;chapters/theory/hochschild_cohomology.tex:652	none
Costello-1705.02500v1	chapters/theory/poincare_duality_quantum.tex:88	none
Costello-Gaiotto18	chapters/connections/frontier_modular_holography_platonic.tex:4751;chapters/connections/frontier_modular_holography_platonic.tex:4876	CostelloGaiotto2020
Costello2013	chapters/examples/kac_moody.tex:5839	none
Costello2111	chapters/connections/frontier_modular_holography_platonic.tex:4937;chapters/connections/frontier_modular_holography_platonic.tex:5034	none
CostelloP2201	chapters/connections/frontier_modular_holography_platonic.tex:4938;chapters/connections/frontier_modular_holography_platonic.tex:5035	none
Creutzig24	chapters/examples/kac_moody.tex:3465	none
CreutzigGainutdinovRunkel20	chapters/examples/logarithmic_w_algebras.tex:415;chapters/examples/logarithmic_w_algebras.tex:620;chapters/examples/lattice_foundations.tex:3449	none
CreutzigRidout2013	chapters/theory/chiral_modules.tex:2438;chapters/connections/concordance.tex:9277;chapters/examples/w_algebras.tex:3093	none
Cvitanovic08	chapters/examples/kac_moody.tex:5733	none
DGMS75	chapters/theory/poincare_duality_quantum.tex:397;chapters/examples/bar_complex_tables.tex:1904	none
DMVV	chapters/examples/heisenberg_eisenstein.tex:831	none
DMVV97	chapters/theory/higher_genus_modular_koszul.tex:28905;chapters/theory/higher_genus_modular_koszul.tex:28962;chapters/examples/symmetric_orbifolds.tex:18;chapters/examples/symmetric_orbifolds.tex:117;chapters/examples/symmetric_orbifolds.tex:352	none
DNP2025	chapters/theory/quantum_corrections.tex:722;chapters/examples/yangians_computations.tex:4544	DNP25
DP86	chapters/connections/bv_brst.tex:1526	none
DPSS20	chapters/connections/arithmetic_shadows.tex:12155;chapters/connections/arithmetic_shadows.tex:12211;chapters/connections/arithmetic_shadows.tex:12405	none
DS	chapters/examples/kac_moody.tex:1859;chapters/examples/free_fields.tex:5395	none
DT99	chapters/connections/arithmetic_shadows.tex:4281	none
DTT09	chapters/theory/chiral_center_theorem.tex:1437;chapters/examples/deformation_quantization.tex:585	none
Deligne70	chapters/theory/chiral_hochschild_koszul.tex:2585	Deligne1974
Deligne71	chapters/theory/higher_genus_complementarity.tex:1230;chapters/theory/configuration_spaces.tex:729	Deligne1974
Deligne96	chapters/examples/kac_moody.tex:5733	Deligne1974
DeligneM69	chapters/theory/higher_genus_complementarity.tex:3416;chapters/theory/configuration_spaces.tex:289;chapters/theory/configuration_spaces.tex:320;chapters/theory/configuration_spaces.tex:4081;chapters/theory/higher_genus_foundations.tex:2798;chapters/theory/higher_genus_foundations.tex:2811	Deligne1974
DiFrancesco1997	chapters/connections/arithmetic_shadows.tex:9613;chapters/examples/free_fields.tex:4358	none
Dijkgraaf99	chapters/theory/higher_genus_modular_koszul.tex:28922	DijkgraafVafa
Dold61	chapters/theory/chiral_hochschild_koszul.tex:5332	none
DolgushevPaljug16	chapters/theory/en_koszul_duality.tex:6383	none
DolgushevRogersWillwacher15	chapters/theory/en_koszul_duality.tex:6406	none
Drinfeld-Yangians	chapters/theory/ordered_associative_chiral_kd.tex:7036	none
Drinfeld88	chapters/examples/yangians_computations.tex:1257;chapters/examples/yangians_computations.tex:1467;chapters/examples/yangians_computations.tex:1479;chapters/examples/yangians_computations.tex:1652	Drinfeld85
Drinfeld90	chapters/theory/ordered_associative_chiral_kd.tex:8938;chapters/theory/chiral_hochschild_koszul.tex:6203;chapters/theory/e1_modular_koszul.tex:470;chapters/examples/yangians_drinfeld_kohno.tex:6;chapters/examples/yangians_drinfeld_kohno.tex:218	Drinfeld1985
Dunn88	chapters/theory/en_koszul_duality.tex:6761	none
EFK98	chapters/examples/yangians_drinfeld_kohno.tex:7563	none
EGNO	chapters/theory/derived_langlands.tex:1261;chapters/theory/higher_genus_modular_koszul.tex:9351;chapters/examples/lattice_foundations.tex:3429	none
EK96	chapters/theory/ordered_associative_chiral_kd.tex:8299;chapters/theory/ordered_associative_chiral_kd.tex:8940;chapters/theory/e1_modular_koszul.tex:472;chapters/theory/en_koszul_duality.tex:5848	none
EM66	chapters/connections/bv_brst.tex:591;chapters/connections/bv_brst.tex:984	none
EO07	chapters/connections/genus_complete.tex:486	none
EV98	chapters/theory/higher_genus_modular_koszul.tex:33707	none
Ecalle81	chapters/theory/higher_genus_modular_koszul.tex:27422;chapters/theory/higher_genus_modular_koszul.tex:27703	none
Engelhardt-Wall14	chapters/connections/thqg_entanglement_programme.tex:294;chapters/connections/entanglement_modular_koszul.tex:544	none
Epstein1903	chapters/theory/higher_genus_modular_koszul.tex:18159	none
EtingofKazhdan00	chapters/theory/introduction.tex:1627	none
Eyn04	chapters/connections/genus_complete.tex:486	none
FBZ04	chapters/theory/existence_criteria.tex:453;chapters/theory/existence_criteria.tex:490;chapters/theory/algebraic_foundations.tex:1331;chapters/theory/algebraic_foundations.tex:2197;chapters/theory/higher_genus_foundations.tex:5505;chapters/theory/en_koszul_duality.tex:6158;chapters/theory/fourier_seed.tex:461;chapters/theory/fourier_seed.tex:480;chapters/theory/higher_genus_modular_koszul.tex:29675;chapters/connections/genus_complete.tex:60;chapters/connections/genus_complete.tex:130;chapters/examples/kac_moody.tex:417;chapters/examples/free_fields.tex:2610;chapters/examples/heisenberg_eisenstein.tex:399;chapters/examples/heisenberg_eisenstein.tex:2009;chapters/examples/beta_gamma.tex:294;chapters/examples/beta_gamma.tex:304;chapters/examples/beta_gamma.tex:657;chapters/examples/beta_gamma.tex:748	FBZ
FF84	chapters/theory/chiral_modules.tex:1396;chapters/theory/chiral_modules.tex:1409;chapters/theory/chiral_modules.tex:3804;chapters/theory/hochschild_cohomology.tex:135;chapters/theory/hochschild_cohomology.tex:259;chapters/examples/minimal_model_examples.tex:465	none
FG06	chapters/theory/derived_langlands.tex:150;chapters/theory/derived_langlands.tex:235;chapters/theory/derived_langlands.tex:292;chapters/theory/derived_langlands.tex:371;chapters/theory/derived_langlands.tex:597;chapters/theory/derived_langlands.tex:1326;chapters/theory/derived_langlands.tex:1500;chapters/theory/chiral_modules.tex:4118;chapters/theory/chiral_modules.tex:4139;chapters/theory/koszul_pair_structure.tex:1146;chapters/examples/kac_moody.tex:4320;chapters/examples/kac_moody.tex:4346	none
FGF2010	chapters/examples/logarithmic_w_algebras.tex:110;chapters/examples/logarithmic_w_algebras.tex:681	none
FGZ86	chapters/connections/bv_brst.tex:465;chapters/connections/bv_brst.tex:875;chapters/connections/bv_brst.tex:912;chapters/connections/bv_brst.tex:958;chapters/connections/bv_brst.tex:971;chapters/connections/bv_brst.tex:998;chapters/connections/bv_brst.tex:1019	none
FH91	chapters/theory/e1_modular_koszul.tex:2397	none
FHM11	chapters/connections/frontier_modular_holography_platonic.tex:4857	none
FK80	chapters/theory/chiral_hochschild_koszul.tex:1470;chapters/examples/level1_bridge.tex:101;chapters/examples/lattice_foundations.tex:607;chapters/examples/lattice_foundations.tex:623	none
FL88	chapters/theory/higher_genus_modular_koszul.tex:9028;chapters/theory/higher_genus_modular_koszul.tex:9543;chapters/examples/w_algebras.tex:2192;chapters/examples/w_algebras.tex:2317;chapters/examples/w_algebras.tex:2957;chapters/examples/w3_composite_fields.tex:944	none
FLM88	chapters/examples/moonshine.tex:6;chapters/examples/free_fields.tex:5311;chapters/examples/lattice_foundations.tex:1335	none
FMS86	chapters/connections/bv_brst.tex:840;chapters/examples/free_fields.tex:4401	none
FOOO09	chapters/theory/chiral_koszul_pairs.tex:5670	none
FP03	chapters/theory/higher_genus_foundations.tex:4561;chapters/theory/higher_genus_foundations.tex:4568;chapters/theory/poincare_duality_quantum.tex:805;chapters/frame/heisenberg_frame.tex:1683;chapters/connections/concordance.tex:6214;chapters/connections/concordance.tex:6320;chapters/examples/landscape_census.tex:3572;chapters/examples/heisenberg_eisenstein.tex:839;chapters/examples/heisenberg_eisenstein.tex:852;chapters/examples/heisenberg_eisenstein.tex:866	FP00
FSZ10	chapters/theory/higher_genus_modular_koszul.tex:25834	none
FT06	chapters/theory/derived_langlands.tex:155;chapters/theory/derived_langlands.tex:592;chapters/theory/derived_langlands.tex:643;chapters/theory/derived_langlands.tex:684;chapters/theory/derived_langlands.tex:707;chapters/theory/derived_langlands.tex:1564;chapters/connections/concordance.tex:395;chapters/examples/kac_moody.tex:4369;chapters/examples/kac_moody.tex:4382	none
FT87	chapters/theory/koszul_pair_structure.tex:649;chapters/theory/koszul_pair_structure.tex:692;chapters/theory/hochschild_cohomology.tex:155;chapters/theory/hochschild_cohomology.tex:771;chapters/theory/hochschild_cohomology.tex:786	none
FZ92	chapters/theory/chiral_modules.tex:1890;chapters/theory/chiral_modules.tex:1897;chapters/theory/chiral_modules.tex:1940;chapters/theory/chiral_modules.tex:1985;chapters/theory/chiral_modules.tex:2031;chapters/theory/higher_genus_modular_koszul.tex:33019;chapters/connections/concordance.tex:9145;chapters/connections/concordance.tex:9153;chapters/examples/minimal_model_fusion.tex:65;chapters/examples/minimal_model_fusion.tex:75	FF92
Faddeev96	chapters/examples/yangians_computations.tex:975;chapters/examples/yangians_computations.tex:1137;chapters/examples/yangians_drinfeld_kohno.tex:7832	none
Fal84	chapters/theory/higher_genus_foundations.tex:745;chapters/theory/fourier_seed.tex:150;chapters/theory/higher_genus_modular_koszul.tex:3071;chapters/connections/feynman_diagrams.tex:998	none
Faulkner-Lewkowycz-Maldacena13	chapters/connections/entanglement_modular_koszul.tex:543	none
Fay73	chapters/theory/configuration_spaces.tex:3348;chapters/theory/configuration_spaces.tex:3385;chapters/theory/configuration_spaces.tex:4042;chapters/theory/chiral_hochschild_koszul.tex:2498;chapters/theory/chiral_hochschild_koszul.tex:2516;chapters/theory/cobar_construction.tex:3183;chapters/theory/higher_genus_foundations.tex:3090;chapters/theory/higher_genus_foundations.tex:3135;chapters/theory/higher_genus_foundations.tex:3138;chapters/theory/higher_genus_foundations.tex:3261;chapters/theory/higher_genus_foundations.tex:3266;chapters/theory/higher_genus_foundations.tex:3323;chapters/theory/higher_genus_foundations.tex:3469;chapters/theory/higher_genus_foundations.tex:3555;chapters/theory/higher_genus_foundations.tex:3599;chapters/theory/higher_genus_foundations.tex:3636;chapters/theory/higher_genus_foundations.tex:3655;chapters/theory/higher_genus_foundations.tex:3982;chapters/theory/higher_genus_foundations.tex:4287;chapters/theory/higher_genus_foundations.tex:4352;chapters/theory/en_koszul_duality.tex:6861	none
Feigin-Frenkel	chapters/theory/higher_genus_complementarity.tex:2640;chapters/theory/existence_criteria.tex:490;chapters/theory/derived_langlands.tex:291;chapters/theory/chiral_modules.tex:4074;chapters/theory/koszul_pair_structure.tex:862;chapters/theory/koszul_pair_structure.tex:1046;chapters/theory/koszul_pair_structure.tex:1048;chapters/theory/koszul_pair_structure.tex:1192;chapters/theory/koszul_pair_structure.tex:1199;chapters/theory/koszul_pair_structure.tex:1216;chapters/theory/hochschild_cohomology.tex:199;chapters/theory/hochschild_cohomology.tex:199;chapters/theory/cobar_construction.tex:2213;chapters/theory/bar_cobar_adjunction_inversion.tex:1820;chapters/theory/poincare_duality_quantum.tex:243;chapters/theory/fourier_seed.tex:851;chapters/connections/concordance.tex:391;chapters/connections/bv_brst.tex:1010;chapters/examples/w_algebras.tex:337;chapters/examples/w_algebras.tex:375;chapters/examples/w_algebras.tex:2379;chapters/examples/w3_composite_fields.tex:320;chapters/examples/kac_moody.tex:319;chapters/examples/kac_moody.tex:594;chapters/examples/kac_moody.tex:4320;chapters/examples/w_algebras_deep.tex:2049;chapters/examples/w_algebras_deep.tex:2139	FeiginFrenkel94
FeiginSemikhatov	chapters/connections/subregular_hook_frontier.tex:552;chapters/connections/subregular_hook_frontier.tex:738;chapters/connections/subregular_hook_frontier.tex:866;chapters/connections/subregular_hook_frontier.tex:1081	none
FeiginTipunin2010	chapters/examples/logarithmic_w_algebras.tex:345	none
Felder94	chapters/theory/higher_genus_modular_koszul.tex:33706	none
FernandezCostelloP24	chapters/theory/poincare_duality_quantum.tex:48	none
Finkelberg96	chapters/theory/chiral_modules.tex:1528;chapters/examples/minimal_model_fusion.tex:696	none
FrancMason2017	chapters/connections/arithmetic_shadows.tex:5908;chapters/connections/arithmetic_shadows.tex:8787	none
Francis2013	chapters/theory/en_koszul_duality.tex:625;chapters/theory/en_koszul_duality.tex:2044;chapters/theory/en_koszul_duality.tex:4053;chapters/theory/en_koszul_duality.tex:4121;chapters/theory/en_koszul_duality.tex:5736;chapters/theory/en_koszul_duality.tex:6706;chapters/theory/en_koszul_duality.tex:6784;chapters/theory/poincare_duality_quantum.tex:316;chapters/theory/poincare_duality_quantum.tex:319;chapters/theory/poincare_duality_quantum.tex:323;chapters/theory/poincare_duality_quantum.tex:323	none
Freitag83	chapters/examples/heisenberg_eisenstein.tex:719	none
Frenkel-Kac-Wakimoto92	chapters/examples/w_algebras.tex:905;chapters/examples/w_algebras.tex:1801;chapters/examples/kac_moody.tex:795;chapters/examples/w_algebras_deep.tex:207	none
Frenkel05	chapters/connections/arithmetic_shadows.tex:4424	none
FrenkelMukhin01	chapters/connections/concordance.tex:1921;chapters/examples/yangians_computations.tex:4124;chapters/examples/yangians_computations.tex:4127;chapters/examples/yangians_computations.tex:4198;chapters/examples/yangians_computations.tex:4215;chapters/examples/yangians_computations.tex:4315;chapters/examples/yangians_computations.tex:4360	none
Fresse-operads	chapters/theory/algebraic_foundations.tex:1411;chapters/theory/chiral_koszul_pairs.tex:5545;chapters/theory/higher_genus_modular_koszul.tex:5673	none
Fresse17	chapters/theory/en_koszul_duality.tex:4213;chapters/theory/en_koszul_duality.tex:4365	none
FresseWillwacher20	chapters/theory/en_koszul_duality.tex:989;chapters/theory/en_koszul_duality.tex:4224;chapters/theory/en_koszul_duality.tex:4353;chapters/theory/en_koszul_duality.tex:4362;chapters/theory/en_koszul_duality.tex:6433	none
Fuks86	chapters/theory/koszul_pair_structure.tex:551;chapters/theory/koszul_pair_structure.tex:599;chapters/theory/koszul_pair_structure.tex:650;chapters/theory/hochschild_cohomology.tex:259	none
FurusawaMorimoto14	chapters/connections/arithmetic_shadows.tex:12156	none
GG11	chapters/theory/poincare_duality_quantum.tex:1245;chapters/examples/w_algebras_deep.tex:854	none
GJ	chapters/theory/en_koszul_duality.tex:319;chapters/theory/en_koszul_duality.tex:6743	none
GKO85	chapters/examples/w_algebras.tex:972;chapters/examples/w_algebras.tex:987	none
GKW2025	chapters/theory/bar_construction.tex:1306;chapters/theory/chiral_koszul_pairs.tex:2747;chapters/theory/higher_genus_modular_koszul.tex:17114;chapters/connections/bv_brst.tex:62	none
GKW24	chapters/connections/feynman_diagrams.tex:265;chapters/connections/feynman_diagrams.tex:317;chapters/connections/semistrict_modular_higher_spin_w3.tex:66;chapters/connections/semistrict_modular_higher_spin_w3.tex:748	none
GLC24	chapters/examples/kac_moody.tex:4391	none
GR17	chapters/theory/ordered_associative_chiral_kd.tex:9056;chapters/theory/chiral_koszul_pairs.tex:4155;chapters/theory/chiral_koszul_pairs.tex:5559;chapters/theory/chiral_koszul_pairs.tex:5567	CG17
GTL17	chapters/connections/concordance.tex:1922;chapters/examples/yangians_computations.tex:3370;chapters/examples/yangians_computations.tex:4100;chapters/examples/yangians_computations.tex:4133;chapters/examples/yangians_computations.tex:4139;chapters/examples/yangians_computations.tex:4153;chapters/examples/yangians_computations.tex:4202;chapters/examples/yangians_computations.tex:4219	none
Gai19	chapters/examples/genus_expansions.tex:332	none
GenraStages	chapters/theory/koszul_pair_structure.tex:1220;chapters/connections/subregular_hook_frontier.tex:190;chapters/connections/subregular_hook_frontier.tex:247;chapters/connections/subregular_hook_frontier.tex:1543;chapters/examples/w_algebras.tex:597	none
Ger63	chapters/theory/chiral_hochschild_koszul.tex:5086;chapters/theory/chiral_modules.tex:2690;chapters/theory/chiral_modules.tex:2705;chapters/theory/koszul_pair_structure.tex:333;chapters/theory/koszul_pair_structure.tex:382;chapters/theory/koszul_pair_structure.tex:395;chapters/theory/hochschild_cohomology.tex:15;chapters/theory/hochschild_cohomology.tex:70;chapters/theory/hochschild_cohomology.tex:339;chapters/theory/higher_genus_foundations.tex:2122;chapters/theory/higher_genus_foundations.tex:2140;chapters/theory/higher_genus_modular_koszul.tex:10469	none
Ger64	chapters/examples/deformation_quantization.tex:632	none
Get09	chapters/theory/chiral_hochschild_koszul.tex:2935	none
Get95	chapters/theory/bar_construction.tex:2141;chapters/theory/poincare_duality_quantum.tex:331;chapters/theory/poincare_duality_quantum.tex:372;chapters/theory/poincare_duality_quantum.tex:390;chapters/theory/poincare_duality_quantum.tex:423;chapters/theory/poincare_duality_quantum.tex:471;chapters/theory/poincare_duality_quantum.tex:482	none
Getzler94	chapters/theory/chiral_center_theorem.tex:2421;chapters/theory/en_koszul_duality.tex:6768	none
GetzlerKapranov98	chapters/theory/bar_cobar_adjunction_curved.tex:6209;chapters/theory/bar_cobar_adjunction_curved.tex:6264;chapters/connections/thqg_open_closed_realization.tex:1227;chapters/connections/thqg_open_closed_realization.tex:1286	none
Givental01	chapters/theory/higher_genus_modular_koszul.tex:25816;chapters/theory/higher_genus_modular_koszul.tex:25838;chapters/theory/higher_genus_modular_koszul.tex:25964;chapters/theory/higher_genus_modular_koszul.tex:26165;chapters/connections/concordance.tex:4237	none
GoldmanMillson88	chapters/theory/higher_genus_modular_koszul.tex:13171	none
GraVak05	chapters/theory/chiral_hochschild_koszul.tex:4379	none
Griffiths68	chapters/theory/higher_genus_foundations.tex:423	none
Gross-Jevicki87	chapters/connections/frontier_modular_holography_platonic.tex:4316	none
HA	chapters/theory/higher_genus_complementarity.tex:4709;chapters/theory/higher_genus_complementarity.tex:4740;chapters/theory/chiral_center_theorem.tex:1345;chapters/theory/algebraic_foundations.tex:1838;chapters/theory/algebraic_foundations.tex:1881;chapters/theory/algebraic_foundations.tex:2045;chapters/theory/algebraic_foundations.tex:2052;chapters/theory/algebraic_foundations.tex:2193;chapters/theory/algebraic_foundations.tex:2225;chapters/theory/algebraic_foundations.tex:2268;chapters/theory/derived_langlands.tex:196;chapters/theory/chiral_hochschild_koszul.tex:1973;chapters/theory/chiral_koszul_pairs.tex:2400;chapters/theory/chiral_koszul_pairs.tex:2413;chapters/theory/chiral_koszul_pairs.tex:5335;chapters/theory/chiral_koszul_pairs.tex:5394;chapters/theory/chiral_koszul_pairs.tex:5560;chapters/theory/chiral_koszul_pairs.tex:5560;chapters/theory/higher_genus_foundations.tex:2664;chapters/theory/bar_cobar_adjunction_inversion.tex:2781;chapters/theory/bar_cobar_adjunction_inversion.tex:2864;chapters/theory/bar_cobar_adjunction_inversion.tex:3816;chapters/theory/en_koszul_duality.tex:614;chapters/theory/en_koszul_duality.tex:2047;chapters/theory/en_koszul_duality.tex:3056;chapters/theory/en_koszul_duality.tex:3111;chapters/theory/en_koszul_duality.tex:3338;chapters/theory/en_koszul_duality.tex:3736;chapters/theory/en_koszul_duality.tex:3797;chapters/theory/en_koszul_duality.tex:3836;chapters/theory/en_koszul_duality.tex:3837;chapters/theory/en_koszul_duality.tex:3883;chapters/theory/en_koszul_duality.tex:3898;chapters/theory/en_koszul_duality.tex:3902;chapters/theory/en_koszul_duality.tex:3974;chapters/theory/en_koszul_duality.tex:3983;chapters/theory/en_koszul_duality.tex:4025;chapters/theory/en_koszul_duality.tex:4033;chapters/theory/en_koszul_duality.tex:4053;chapters/theory/en_koszul_duality.tex:4121;chapters/theory/en_koszul_duality.tex:4218;chapters/theory/en_koszul_duality.tex:4366;chapters/theory/en_koszul_duality.tex:5735;chapters/theory/en_koszul_duality.tex:6706;chapters/theory/en_koszul_duality.tex:6783;chapters/theory/poincare_duality_quantum.tex:316;chapters/theory/poincare_duality_quantum.tex:319;chapters/connections/thqg_open_closed_realization.tex:716;chapters/examples/yangians_drinfeld_kohno.tex:943;chapters/examples/yangians_foundations.tex:364;chapters/examples/free_fields.tex:3663;chapters/examples/lattice_foundations.tex:4101;chapters/examples/lattice_foundations.tex:4186	none
HJ12	chapters/examples/yangians_foundations.tex:1110	none
HJZ25	chapters/examples/yangians_computations.tex:3092;chapters/examples/yangians_computations.tex:3260;chapters/examples/yangians_computations.tex:3337;chapters/examples/yangians_computations.tex:3370;chapters/examples/yangians_computations.tex:3408;chapters/examples/yangians_computations.tex:3667;chapters/examples/yangians_computations.tex:3894;chapters/examples/yangians_computations.tex:4147;chapters/examples/yangians_computations.tex:4167;chapters/examples/yangians_computations.tex:4201;chapters/examples/yangians_foundations.tex:796	none
HLZ	chapters/theory/chiral_modules.tex:175;chapters/theory/chiral_modules.tex:208;chapters/theory/chiral_modules.tex:1531;chapters/theory/higher_genus_modular_koszul.tex:9338;chapters/examples/minimal_model_fusion.tex:753;chapters/examples/kac_moody.tex:3276;chapters/examples/kac_moody.tex:3302;chapters/examples/lattice_foundations.tex:3424;chapters/examples/lattice_foundations.tex:3447	none
HR24	chapters/theory/higher_genus_complementarity.tex:113;chapters/theory/bar_cobar_adjunction_inversion.tex:3409	none
HS98	chapters/connections/frontier_modular_holography_platonic.tex:4971	none
HTT	chapters/theory/bar_cobar_adjunction_curved.tex:5884;chapters/theory/bar_cobar_adjunction_inversion.tex:2454;chapters/examples/yangians_computations.tex:3229;chapters/examples/yangians_drinfeld_kohno.tex:1689;chapters/examples/yangians_drinfeld_kohno.tex:1696	none
HTT08	chapters/theory/cobar_construction.tex:314;chapters/theory/cobar_construction.tex:320;chapters/theory/cobar_construction.tex:332;chapters/theory/cobar_construction.tex:383	none
HZ24	chapters/examples/yangians_computations.tex:3370;chapters/examples/yangians_computations.tex:3379;chapters/examples/yangians_computations.tex:5074	none
HZ86	chapters/theory/higher_genus_foundations.tex:7231	none
Har77	chapters/theory/chiral_modules.tex:3932;chapters/theory/spectral_sequences.tex:480	none
HarishChandra	chapters/theory/chiral_modules.tex:2049	none
Hartle-Hawking83	chapters/connections/entanglement_modular_koszul.tex:924;chapters/connections/entanglement_modular_koszul.tex:954	none
HerNeg24	chapters/examples/yangians_computations.tex:3978	none
Hernandez05	chapters/examples/yangians_computations.tex:2308;chapters/examples/yangians_computations.tex:2452;chapters/examples/yangians_computations.tex:3667;chapters/examples/yangians_computations.tex:4147;chapters/examples/yangians_computations.tex:4201;chapters/examples/yangians_drinfeld_kohno.tex:3314;chapters/examples/yangians_drinfeld_kohno.tex:3492;chapters/examples/yangians_drinfeld_kohno.tex:3630	none
HernandezLeclerc10	chapters/examples/yangians_computations.tex:1650	none
Hitchin90	chapters/connections/genus_complete.tex:416	none
Hormander	chapters/theory/cobar_construction.tex:181;chapters/theory/cobar_construction.tex:192;chapters/theory/cobar_construction.tex:746;chapters/theory/cobar_construction.tex:759;chapters/theory/cobar_construction.tex:2012	none
Hornfeck93	chapters/theory/bar_cobar_adjunction_curved.tex:5344;chapters/theory/bar_cobar_adjunction_curved.tex:5387;chapters/theory/higher_genus_modular_koszul.tex:23756;chapters/theory/higher_genus_modular_koszul.tex:23890;chapters/examples/genus_expansions.tex:1649	none
Idrissi22	chapters/theory/en_koszul_duality.tex:557;chapters/theory/en_koszul_duality.tex:814;chapters/theory/en_koszul_duality.tex:989;chapters/connections/editorial_constitution.tex:1638;chapters/connections/editorial_constitution.tex:1699;chapters/connections/editorial_constitution.tex:1773	none
Igusa62	chapters/examples/heisenberg_eisenstein.tex:717;chapters/examples/heisenberg_eisenstein.tex:746;chapters/examples/heisenberg_eisenstein.tex:769	none
JKL26	chapters/theory/ordered_associative_chiral_kd.tex:8628;chapters/theory/ordered_associative_chiral_kd.tex:8631;chapters/theory/ordered_associative_chiral_kd.tex:8715;chapters/theory/ordered_associative_chiral_kd.tex:8855;chapters/theory/ordered_associative_chiral_kd.tex:8882;chapters/theory/ordered_associative_chiral_kd.tex:9939;chapters/theory/ordered_associative_chiral_kd.tex:10073	none
JPPZ18	chapters/theory/higher_genus_modular_koszul.tex:26269;chapters/theory/higher_genus_modular_koszul.tex:26307;chapters/examples/w_algebras_deep.tex:5436	JPPZ
JacquetShalika1981	chapters/connections/arithmetic_shadows.tex:8453	none
Janda17	chapters/theory/higher_genus_modular_koszul.tex:26484;chapters/connections/concordance.tex:4134	none
Jimbo85	chapters/examples/yangians_computations.tex:812;chapters/examples/yangians_drinfeld_kohno.tex:7193;chapters/examples/yangians_foundations.tex:1153	none
Joyce18	chapters/theory/ordered_associative_chiral_kd.tex:8509	none
KKKO18	chapters/examples/yangians_computations.tex:2316	none
KL79	chapters/theory/chiral_modules.tex:1783;chapters/theory/chiral_modules.tex:1792;chapters/theory/chiral_koszul_pairs.tex:5981	none
KL93	chapters/theory/derived_langlands.tex:1104;chapters/theory/derived_langlands.tex:1286;chapters/theory/chiral_hochschild_koszul.tex:4171;chapters/theory/chiral_hochschild_koszul.tex:4234;chapters/theory/chiral_modules.tex:458;chapters/theory/chiral_modules.tex:1497;chapters/theory/chiral_modules.tex:1525;chapters/theory/chiral_modules.tex:3117;chapters/theory/chiral_modules.tex:5084;chapters/theory/koszul_pair_structure.tex:1046;chapters/theory/koszul_pair_structure.tex:1048;chapters/theory/hochschild_cohomology.tex:1254;chapters/theory/chiral_koszul_pairs.tex:5990;chapters/theory/higher_genus_modular_koszul.tex:9331;chapters/examples/yangians_drinfeld_kohno.tex:238;chapters/examples/minimal_model_fusion.tex:689;chapters/examples/minimal_model_fusion.tex:695;chapters/examples/kac_moody.tex:2408;chapters/examples/kac_moody.tex:2441;chapters/examples/kac_moody.tex:4156;chapters/examples/yangians_foundations.tex:37;chapters/examples/lattice_foundations.tex:4601	none
KO68	chapters/theory/chiral_modules.tex:3938	none
KP84	chapters/theory/higher_genus_foundations.tex:3924	none
KQ20	chapters/examples/kac_moody.tex:4242	none
KR87	chapters/theory/chiral_modules.tex:1392	none
KRW	chapters/theory/koszul_pair_structure.tex:1181;chapters/theory/koszul_pair_structure.tex:1224;chapters/theory/higher_genus_modular_koszul.tex:9029;chapters/connections/concordance.tex:3532;chapters/examples/w_algebras.tex:476;chapters/examples/yangians_drinfeld_kohno.tex:6524;chapters/examples/kac_moody.tex:3595;chapters/examples/w_algebras_deep.tex:2084;chapters/examples/w_algebras_deep.tex:2587;chapters/examples/w_algebras_deep.tex:2943	KRW03
KS00	chapters/theory/chiral_center_theorem.tex:1360;chapters/theory/chiral_center_theorem.tex:1437;chapters/theory/en_koszul_duality.tex:2087;chapters/theory/en_koszul_duality.tex:2412;chapters/theory/higher_genus_modular_koszul.tex:4212;chapters/theory/higher_genus_modular_koszul.tex:15565	none
KS10	chapters/examples/landscape_census.tex:378	none
KS11	chapters/theory/ordered_associative_chiral_kd.tex:8508;chapters/theory/ordered_associative_chiral_kd.tex:8852	none
KS90	chapters/theory/higher_genus_complementarity.tex:939;chapters/theory/higher_genus_complementarity.tex:4200;chapters/theory/spectral_sequences.tex:480;chapters/theory/spectral_sequences.tex:516;chapters/theory/cobar_construction.tex:348;chapters/theory/cobar_construction.tex:759;chapters/theory/cobar_construction.tex:1350;chapters/theory/cobar_construction.tex:1388;chapters/theory/higher_genus_foundations.tex:1425;chapters/theory/higher_genus_foundations.tex:1435;chapters/theory/poincare_duality.tex:170;chapters/theory/poincare_duality.tex:187;chapters/theory/poincare_duality.tex:213;chapters/theory/poincare_duality.tex:238	none
KT95	chapters/theory/chiral_modules.tex:1589;chapters/theory/chiral_modules.tex:1614;chapters/theory/chiral_modules.tex:1794	none
KW88	chapters/theory/chiral_modules.tex:1411;chapters/theory/chiral_modules.tex:3351;chapters/theory/koszul_pair_structure.tex:824;chapters/theory/bar_cobar_adjunction_inversion.tex:1772;chapters/examples/kac_moody.tex:2740;chapters/examples/kac_moody.tex:2743;chapters/examples/kac_moody.tex:2748;chapters/examples/kac_moody.tex:2935;chapters/examples/kac_moody.tex:3171;chapters/examples/kac_moody.tex:3185;chapters/examples/kac_moody.tex:3191;chapters/examples/kac_moody.tex:3224;chapters/examples/kac_moody.tex:3252;chapters/examples/kac_moody.tex:3430	none
KZ2025	chapters/examples/yangians_drinfeld_kohno.tex:2745;chapters/examples/yangians_drinfeld_kohno.tex:6574	KZ25
KZ84	chapters/connections/thqg_introduction_supplement_body.tex:507	none
Kad82	chapters/theory/chiral_koszul_pairs.tex:1260	none
Kadeishvili80	chapters/theory/chiral_modules.tex:2634;chapters/theory/higher_genus_foundations.tex:1666;chapters/theory/higher_genus_modular_koszul.tex:15564	none
Kal08	chapters/theory/chiral_hochschild_koszul.tex:5268	none
Kapranov96	chapters/examples/kac_moody.tex:4242;chapters/examples/kac_moody.tex:4242	none
Katz90	chapters/connections/frontier_modular_holography_platonic.tex:4920	none
Kausch2000	chapters/examples/logarithmic_w_algebras.tex:231	none
Kee92	chapters/examples/free_fields.tex:4566	none
Keller01	chapters/theory/chiral_modules.tex:2665;chapters/theory/koszul_pair_structure.tex:742;chapters/theory/bar_cobar_adjunction_inversion.tex:1901	none
Keller06	chapters/theory/hochschild_cohomology.tex:929;chapters/theory/hochschild_cohomology.tex:972;chapters/theory/hochschild_cohomology.tex:1121;chapters/theory/en_koszul_duality.tex:2767;chapters/connections/thqg_open_closed_realization.tex:854	none
Kitaoka93	chapters/connections/arithmetic_shadows.tex:12124	none
Klingen67	chapters/examples/heisenberg_eisenstein.tex:765	none
Knudsen18	chapters/theory/en_koszul_duality.tex:928;chapters/connections/editorial_constitution.tex:1651;chapters/connections/editorial_constitution.tex:1710;chapters/connections/editorial_constitution.tex:1771	none
Knudsen83	chapters/theory/higher_genus_complementarity.tex:3435;chapters/theory/configuration_spaces.tex:289;chapters/theory/configuration_spaces.tex:320;chapters/theory/higher_genus_foundations.tex:2798;chapters/theory/higher_genus_foundations.tex:2811;chapters/theory/higher_genus_foundations.tex:2815;chapters/theory/higher_genus_foundations.tex:2820	none
Kohno87	chapters/examples/yangians_drinfeld_kohno.tex:6;chapters/examples/yangians_drinfeld_kohno.tex:218	none
Kon03	chapters/theory/chiral_hochschild_koszul.tex:2591;chapters/theory/chiral_hochschild_koszul.tex:6156;chapters/theory/hochschild_cohomology.tex:360;chapters/theory/higher_genus_foundations.tex:2122;chapters/theory/higher_genus_foundations.tex:2138;chapters/theory/bar_cobar_adjunction_curved.tex:6542;chapters/theory/en_koszul_duality.tex:958;chapters/theory/en_koszul_duality.tex:975;chapters/theory/en_koszul_duality.tex:3115;chapters/connections/feynman_diagrams.tex:243;chapters/connections/editorial_constitution.tex:2362;chapters/examples/deformation_quantization_examples.tex:118;chapters/examples/deformation_quantization_examples.tex:180;chapters/examples/deformation_quantization_examples.tex:235;chapters/examples/deformation_quantization.tex:39;chapters/examples/deformation_quantization.tex:242;chapters/examples/deformation_quantization.tex:265;chapters/examples/deformation_quantization.tex:335;chapters/examples/deformation_quantization.tex:347;chapters/examples/deformation_quantization.tex:427;chapters/examples/deformation_quantization.tex:595;chapters/examples/deformation_quantization.tex:607;chapters/examples/deformation_quantization.tex:739;chapters/examples/deformation_quantization.tex:886;chapters/examples/deformation_quantization.tex:961	none
Kon94	chapters/theory/en_koszul_duality.tex:415;chapters/theory/en_koszul_duality.tex:1178	none
Kon99	chapters/theory/higher_genus_complementarity.tex:2379;chapters/theory/chiral_hochschild_koszul.tex:6156;chapters/theory/cobar_construction.tex:1793;chapters/theory/en_koszul_duality.tex:104;chapters/theory/en_koszul_duality.tex:134;chapters/theory/en_koszul_duality.tex:4357;chapters/connections/feynman_diagrams.tex:251;chapters/connections/editorial_constitution.tex:1735	none
Kontsevich97	chapters/connections/frontier_modular_holography_platonic.tex:2472	Kontsevich03
KontsevichHMS	chapters/theory/chiral_koszul_pairs.tex:5681	Kontsevich03
Kostant63	chapters/examples/w_algebras_deep.tex:1478	none
Kostant78	chapters/theory/chiral_modules.tex:2045	none
LPV13	chapters/theory/chiral_koszul_pairs.tex:3700	none
LPWZ09	chapters/theory/chiral_koszul_pairs.tex:1260;chapters/theory/chiral_koszul_pairs.tex:1272;chapters/theory/chiral_koszul_pairs.tex:1335	none
LQ26	chapters/examples/kac_moody.tex:2457	none
LambrechtsVolic14	chapters/connections/editorial_constitution.tex:1650;chapters/connections/editorial_constitution.tex:1706;chapters/connections/editorial_constitution.tex:1737;chapters/connections/editorial_constitution.tex:1777	none
Latyntsev23	chapters/theory/ordered_associative_chiral_kd.tex:10170;chapters/connections/concordance.tex:2294;chapters/connections/concordance.tex:6457;chapters/connections/concordance.tex:6582;chapters/connections/frontier_modular_holography_platonic.tex:1141;chapters/connections/frontier_modular_holography_platonic.tex:1928;chapters/examples/yangians_drinfeld_kohno.tex:548;chapters/examples/yangians_drinfeld_kohno.tex:1253;chapters/examples/yangians_drinfeld_kohno.tex:1290;chapters/examples/yangians_drinfeld_kohno.tex:2233;chapters/examples/yangians_drinfeld_kohno.tex:2495;chapters/examples/yangians_drinfeld_kohno.tex:2559;chapters/examples/yangians_drinfeld_kohno.tex:2615;chapters/examples/yangians_drinfeld_kohno.tex:6645;chapters/examples/yangians_drinfeld_kohno.tex:8165;chapters/examples/yangians_drinfeld_kohno.tex:8996;chapters/examples/yangians_foundations.tex:585	none
Lentner17	chapters/examples/lattice_foundations.tex:3413;chapters/examples/lattice_foundations.tex:3449	none
Lewkowycz-Maldacena13	chapters/connections/thqg_entanglement_programme.tex:451	none
Loday98	chapters/theory/algebraic_foundations.tex:1490;chapters/theory/bar_construction.tex:2010;chapters/theory/hochschild_cohomology.tex:339;chapters/theory/hochschild_cohomology.tex:433;chapters/theory/hochschild_cohomology.tex:603;chapters/theory/hochschild_cohomology.tex:623;chapters/theory/hochschild_cohomology.tex:626;chapters/theory/hochschild_cohomology.tex:635;chapters/theory/hochschild_cohomology.tex:652;chapters/theory/hochschild_cohomology.tex:657;chapters/theory/hochschild_cohomology.tex:675;chapters/connections/thqg_open_closed_realization.tex:833;chapters/examples/bar_complex_tables.tex:124	none
Looij95	chapters/theory/chiral_hochschild_koszul.tex:4379	none
Lor-GL	chapters/examples/landscape_census.tex:2074	none
Lorgat26I	chapters/theory/ordered_associative_chiral_kd.tex:6154;chapters/theory/en_koszul_duality.tex:5224	Lorgat26
Lorgat26II	chapters/theory/en_koszul_duality.tex:5589;chapters/theory/en_koszul_duality.tex:5645	Lorgat26
Losev10	chapters/examples/w_algebras.tex:730	none
LuninMathur2001	chapters/examples/symmetric_orbifolds.tex:187	none
Lurie09TFT	chapters/connections/frontier_modular_holography_platonic.tex:5346;chapters/connections/frontier_modular_holography_platonic.tex:5407	none
LurieDAGX	chapters/theory/higher_genus_complementarity.tex:5012;chapters/theory/bar_cobar_adjunction_inversion.tex:3327;chapters/examples/yangians_drinfeld_kohno.tex:1041;chapters/examples/yangians_drinfeld_kohno.tex:1066;chapters/examples/yangians_drinfeld_kohno.tex:1910	none
MO19	chapters/theory/ordered_associative_chiral_kd.tex:8426;chapters/theory/ordered_associative_chiral_kd.tex:8627;chapters/theory/ordered_associative_chiral_kd.tex:8641;chapters/theory/ordered_associative_chiral_kd.tex:8879;chapters/theory/ordered_associative_chiral_kd.tex:8893	none
MP11	chapters/connections/frontier_modular_holography_platonic.tex:4858	none
MSV99	chapters/theory/chiral_center_theorem.tex:2461;chapters/theory/chiral_center_theorem.tex:2490;chapters/theory/chiral_center_theorem.tex:2506	none
Manetti04a	chapters/theory/higher_genus_modular_koszul.tex:11060;chapters/theory/higher_genus_modular_koszul.tex:13172	none
Manetti99	chapters/connections/frontier_modular_holography_platonic.tex:2472	none
Markl06	chapters/theory/chiral_hochschild_koszul.tex:1651;chapters/theory/chiral_hochschild_koszul.tex:3132	none
Markl23	chapters/connections/editorial_constitution.tex:2073	none
May72	chapters/theory/algebraic_foundations.tex:1411	none
Mel93	chapters/theory/cobar_construction.tex:759	none
Merkulov99	chapters/theory/chiral_modules.tex:2665	none
Mirzakhani	chapters/theory/bar_cobar_adjunction_inversion.tex:2462;chapters/theory/higher_genus_modular_koszul.tex:27060;chapters/theory/higher_genus_modular_koszul.tex:27173;chapters/theory/higher_genus_modular_koszul.tex:27336;chapters/examples/genus_expansions.tex:1857	none
Miyamoto04	chapters/theory/hochschild_cohomology.tex:1263;chapters/examples/kac_moody.tex:3304;chapters/examples/logarithmic_w_algebras.tex:18;chapters/examples/logarithmic_w_algebras.tex:666	none
Mizoguchi89	chapters/examples/w3_composite_fields.tex:945	none
Mochizuki2015	chapters/theory/chiral_koszul_pairs.tex:3128	none
Molev07	chapters/theory/ordered_associative_chiral_kd.tex:9685;chapters/theory/ordered_associative_chiral_kd.tex:9702;chapters/theory/ordered_associative_chiral_kd.tex:9837;chapters/theory/ordered_associative_chiral_kd.tex:10000;chapters/theory/ordered_associative_chiral_kd.tex:10088	none
MooreSeiberg89	chapters/examples/free_fields.tex:5321	none
Moriwaki26a	chapters/connections/concordance.tex:1522;chapters/connections/concordance.tex:5265;chapters/connections/frontier_modular_holography_platonic.tex:3710;chapters/connections/thqg_introduction_supplement_body.tex:1599;chapters/connections/genus_complete.tex:1294;chapters/connections/genus_complete.tex:1699;chapters/connections/editorial_constitution.tex:2267	none
Moriwaki26b	chapters/connections/concordance.tex:1403;chapters/connections/concordance.tex:1522;chapters/connections/concordance.tex:1537;chapters/connections/concordance.tex:1545;chapters/connections/concordance.tex:1688;chapters/connections/concordance.tex:5265;chapters/connections/concordance.tex:5326;chapters/connections/frontier_modular_holography_platonic.tex:3710;chapters/connections/frontier_modular_holography_platonic.tex:3844;chapters/connections/genus_complete.tex:1294;chapters/connections/editorial_constitution.tex:2267;chapters/examples/heisenberg_eisenstein.tex:178;chapters/examples/heisenberg_eisenstein.tex:193;chapters/examples/heisenberg_eisenstein.tex:210;chapters/examples/heisenberg_eisenstein.tex:229	none
Muk81	chapters/theory/fourier_seed.tex:772	none
Mum70	chapters/theory/fourier_seed.tex:561	none
Mum71	chapters/examples/free_fields.tex:3953	none
Nakajima04	chapters/connections/concordance.tex:1921;chapters/examples/yangians_computations.tex:4118;chapters/examples/yangians_computations.tex:4198;chapters/examples/yangians_computations.tex:4213;chapters/examples/yangians_computations.tex:4315;chapters/examples/yangians_computations.tex:4358	none
NakanishiTsuchiya	chapters/theory/chiral_modules.tex:616;chapters/examples/kac_moody.tex:2650	none
NekrasovShatashvili09	chapters/examples/yangians_drinfeld_kohno.tex:7388	none
NewtonThorne2021	chapters/connections/arithmetic_shadows.tex:6485	none
Nish26	chapters/theory/higher_genus_modular_koszul.tex:28433;chapters/theory/higher_genus_modular_koszul.tex:28461;chapters/theory/higher_genus_modular_koszul.tex:28503;chapters/theory/higher_genus_modular_koszul.tex:28681;chapters/theory/higher_genus_modular_koszul.tex:29202;chapters/theory/higher_genus_modular_koszul.tex:29217;chapters/theory/higher_genus_modular_koszul.tex:29243;chapters/theory/higher_genus_modular_koszul.tex:29272;chapters/theory/higher_genus_modular_koszul.tex:29372;chapters/connections/concordance.tex:750;chapters/connections/concordance.tex:793;chapters/connections/concordance.tex:1035;chapters/connections/concordance.tex:1065;chapters/connections/concordance.tex:1609;chapters/connections/concordance.tex:1624;chapters/connections/concordance.tex:1693;chapters/connections/concordance.tex:7599;chapters/connections/concordance.tex:10680;chapters/examples/free_fields.tex:2010;chapters/examples/w_algebras_deep.tex:2588	none
Nishinaka25	chapters/theory/chiral_hochschild_koszul.tex:5803;chapters/theory/chiral_hochschild_koszul.tex:5803;chapters/theory/chiral_hochschild_koszul.tex:5914;chapters/frame/guide_to_main_results.tex:337;chapters/connections/frontier_modular_holography_platonic.tex:3345	none
OS80	chapters/theory/configuration_spaces.tex:3133;chapters/theory/configuration_spaces.tex:3151;chapters/theory/configuration_spaces.tex:3171;chapters/theory/configuration_spaces.tex:3183	none
OSTY14	chapters/connections/frontier_modular_holography_platonic.tex:5111;chapters/connections/frontier_modular_holography_platonic.tex:5134	none
Olsson16	chapters/theory/higher_genus_complementarity.tex:922	none
PP05	chapters/theory/chiral_koszul_pairs.tex:4451;chapters/examples/yangians_foundations.tex:552;chapters/examples/yangians_foundations.tex:666	none
PPZ19	chapters/theory/higher_genus_modular_koszul.tex:25820;chapters/theory/higher_genus_modular_koszul.tex:25836;chapters/theory/higher_genus_modular_koszul.tex:25840;chapters/theory/higher_genus_modular_koszul.tex:26185;chapters/theory/higher_genus_modular_koszul.tex:26323;chapters/theory/higher_genus_modular_koszul.tex:26484;chapters/connections/concordance.tex:4134;chapters/connections/concordance.tex:4178;chapters/connections/concordance.tex:4197;chapters/connections/concordance.tex:4239;chapters/examples/w_algebras_deep.tex:5437	none
PR19	chapters/theory/ordered_associative_chiral_kd.tex:8529;chapters/theory/ordered_associative_chiral_kd.tex:9275;chapters/theory/ordered_associative_chiral_kd.tex:9428;chapters/theory/ordered_associative_chiral_kd.tex:9620;chapters/theory/ordered_associative_chiral_kd.tex:9757;chapters/theory/ordered_associative_chiral_kd.tex:9807;chapters/theory/ordered_associative_chiral_kd.tex:9969	none
Pastawski-Yoshida-Harlow-Preskill15	chapters/connections/thqg_entanglement_programme.tex:587	none
Patterson-Perry01	chapters/connections/entanglement_modular_koszul.tex:831	none
Penington19	chapters/connections/entanglement_modular_koszul.tex:1080	none
Penner88	chapters/theory/higher_genus_foundations.tex:7231	none
Pol03	chapters/theory/fourier_seed.tex:461;chapters/theory/fourier_seed.tex:479;chapters/theory/fourier_seed.tex:618	none
Pol98	chapters/examples/deformation_quantization_examples.tex:212;chapters/examples/free_fields.tex:4402;chapters/examples/free_fields.tex:4709;chapters/examples/free_fields.tex:4855;chapters/examples/free_fields.tex:4950;chapters/examples/free_fields.tex:5121;chapters/examples/free_fields.tex:5156;chapters/examples/free_fields.tex:5191	Pol87
Polchinski1998	chapters/connections/bv_brst.tex:848	none
Polyakov1981	chapters/theory/higher_genus_complementarity.tex:6248;chapters/theory/higher_genus_modular_koszul.tex:29748;chapters/theory/higher_genus_modular_koszul.tex:29754;chapters/connections/arithmetic_shadows.tex:10142	Polyakov90
Pont66	chapters/theory/fourier_seed.tex:607	none
Pridham17	chapters/theory/higher_genus_complementarity.tex:2126;chapters/theory/higher_genus_complementarity.tex:2188;chapters/theory/higher_genus_complementarity.tex:5012;chapters/theory/higher_genus_complementarity.tex:5021;chapters/theory/bar_cobar_adjunction_inversion.tex:3327;chapters/theory/bar_cobar_adjunction_inversion.tex:3333;chapters/theory/higher_genus_modular_koszul.tex:8901	none
Quillen85	chapters/theory/higher_genus_foundations.tex:4865;chapters/connections/bv_brst.tex:1481;chapters/connections/bv_brst.tex:1741;chapters/examples/genus_expansions.tex:207	none
RN18	chapters/theory/algebraic_foundations.tex:940	none
RSYZ20	chapters/theory/ordered_associative_chiral_kd.tex:9060	none
RSZ01	chapters/connections/frontier_modular_holography_platonic.tex:4317	none
RT91	chapters/theory/koszul_pair_structure.tex:1590;chapters/examples/minimal_model_fusion.tex:782	none
Raskin24	chapters/examples/kac_moody.tex:4389	none
Ravenel86	chapters/theory/en_koszul_duality.tex:6896;chapters/connections/frontier_modular_holography_platonic.tex:5283	none
Re03	chapters/examples/landscape_census.tex:378	none
Reutenauer93	chapters/theory/bar_construction.tex:1987	none
Rudin62	chapters/theory/fourier_seed.tex:624	none
Ryu-Takayanagi06	chapters/connections/thqg_entanglement_programme.tex:301;chapters/connections/entanglement_modular_koszul.tex:539	none
SGA4	chapters/theory/higher_genus_complementarity.tex:4393;chapters/theory/poincare_duality.tex:304	none
SMMV23	chapters/theory/ordered_associative_chiral_kd.tex:8491;chapters/theory/ordered_associative_chiral_kd.tex:8507;chapters/theory/ordered_associative_chiral_kd.tex:9106	none
SS03	chapters/theory/hochschild_cohomology.tex:973;chapters/examples/lattice_foundations.tex:4212	none
SSS19	chapters/connections/entanglement_modular_koszul.tex:1225;chapters/connections/entanglement_modular_koszul.tex:1290	none
SV13	chapters/theory/ordered_associative_chiral_kd.tex:8490;chapters/theory/ordered_associative_chiral_kd.tex:8504;chapters/theory/ordered_associative_chiral_kd.tex:8853;chapters/theory/ordered_associative_chiral_kd.tex:9956;chapters/theory/ordered_associative_chiral_kd.tex:9961;chapters/examples/yangians_computations.tex:90;chapters/examples/yangians_computations.tex:195	none
Sabbah2014	chapters/theory/chiral_koszul_pairs.tex:3128	none
SalvatoreLongoni05	chapters/theory/en_koszul_duality.tex:321	none
Schlotterer12	chapters/theory/higher_genus_foundations.tex:7315	none
Se81	chapters/examples/level1_bridge.tex:101;chapters/examples/lattice_foundations.tex:607;chapters/examples/lattice_foundations.tex:623	none
Seg04	chapters/examples/free_fields.tex:4981	none
SeidelBook	chapters/theory/chiral_koszul_pairs.tex:5687	none
Selberg1956	chapters/connections/arithmetic_shadows.tex:9820	none
Sen99	chapters/connections/frontier_modular_holography_platonic.tex:4360	none
SiLi12	chapters/connections/editorial_constitution.tex:2075	none
SiLi16	chapters/connections/editorial_constitution.tex:2075	none
Slodowy80	chapters/examples/w_algebras.tex:684	none
Soergel97	chapters/theory/chiral_modules.tex:1645;chapters/theory/chiral_modules.tex:4254;chapters/theory/chiral_modules.tex:4259	none
Sta97	chapters/theory/configuration_spaces.tex:3628;chapters/theory/algebraic_foundations.tex:1738;chapters/theory/higher_genus_foundations.tex:1402;chapters/theory/poincare_duality_quantum.tex:1181	none
Stieberger14	chapters/theory/higher_genus_foundations.tex:7315	none
Strominger-Vafa96	chapters/connections/entanglement_modular_koszul.tex:899	none
Strominger01	chapters/connections/entanglement_modular_koszul.tex:1196	none
TUY89	chapters/theory/chiral_modules.tex:1077;chapters/theory/higher_genus_modular_koszul.tex:32740;chapters/theory/higher_genus_modular_koszul.tex:32862;chapters/connections/thqg_introduction_supplement_body.tex:463;chapters/connections/genus_complete.tex:415	none
Tamarkin00	chapters/theory/chiral_hochschild_koszul.tex:2868;chapters/theory/chiral_modules.tex:2690;chapters/theory/chiral_modules.tex:2707;chapters/theory/koszul_pair_structure.tex:382;chapters/theory/koszul_pair_structure.tex:397;chapters/theory/en_koszul_duality.tex:959;chapters/theory/en_koszul_duality.tex:6357;chapters/connections/editorial_constitution.tex:1735;chapters/examples/deformation_quantization.tex:575;chapters/examples/deformation_quantization.tex:585	none
Tamarkin03	chapters/theory/en_koszul_duality.tex:3115;chapters/theory/en_koszul_duality.tex:4360;chapters/theory/en_koszul_duality.tex:6378	none
Teleman12	chapters/theory/higher_genus_modular_koszul.tex:25816;chapters/theory/higher_genus_modular_koszul.tex:25838;chapters/theory/higher_genus_modular_koszul.tex:25964;chapters/theory/higher_genus_modular_koszul.tex:26165;chapters/connections/concordance.tex:4237	none
Terras1973	chapters/theory/higher_genus_modular_koszul.tex:18160	none
Titchmarsh-zeta	chapters/connections/arithmetic_shadows.tex:6582	none
Toen07	chapters/theory/hochschild_cohomology.tex:929;chapters/theory/hochschild_cohomology.tex:974;chapters/theory/hochschild_cohomology.tex:1003;chapters/theory/hochschild_cohomology.tex:1029;chapters/theory/hochschild_cohomology.tex:1124	none
Tohoku	chapters/theory/higher_genus_complementarity.tex:952	none
Totaro96	chapters/theory/en_koszul_duality.tex:211;chapters/theory/en_koszul_duality.tex:240;chapters/connections/editorial_constitution.tex:1650;chapters/connections/editorial_constitution.tex:1704;chapters/connections/editorial_constitution.tex:1751	none
Verlinde	chapters/theory/chiral_modules.tex:867;chapters/examples/minimal_model_examples.tex:373;chapters/examples/genus_expansions.tex:1936;chapters/examples/yangians_drinfeld_kohno.tex:7599;chapters/examples/yangians_drinfeld_kohno.tex:7648;chapters/examples/minimal_model_fusion.tex:26;chapters/examples/minimal_model_fusion.tex:291;chapters/examples/minimal_model_fusion.tex:323;chapters/examples/kac_moody.tex:2678;chapters/examples/kac_moody.tex:2682	none
Verlinde88	chapters/theory/higher_genus_modular_koszul.tex:32857	none
Vic25	chapters/theory/higher_genus_modular_koszul.tex:29217;chapters/connections/concordance.tex:758;chapters/connections/concordance.tex:1065;chapters/connections/concordance.tex:1609;chapters/connections/concordance.tex:1625;chapters/connections/concordance.tex:1693;chapters/examples/free_fields.tex:2010	none
Vicedo25	chapters/frame/guide_to_main_results.tex:338;chapters/connections/frontier_modular_holography_platonic.tex:3346	none
Voronov99	chapters/theory/chiral_center_theorem.tex:1359;chapters/theory/configuration_spaces.tex:2267;chapters/theory/chiral_modules.tex:38;chapters/theory/chiral_modules.tex:70;chapters/theory/en_koszul_duality.tex:1530;chapters/theory/en_koszul_duality.tex:2085;chapters/theory/en_koszul_duality.tex:2442;chapters/examples/yangians_foundations.tex:990	none
WW27	chapters/theory/fourier_seed.tex:538	none
Wakimoto86	chapters/examples/kac_moody.tex:1828	none
Waldspurger81	chapters/connections/arithmetic_shadows.tex:12430	none
Wei99	chapters/theory/algebraic_foundations.tex:1845	none
Weibel94	chapters/theory/chiral_hochschild_koszul.tex:1562;chapters/theory/chiral_hochschild_koszul.tex:3785;chapters/theory/spectral_sequences.tex:123;chapters/theory/spectral_sequences.tex:243;chapters/theory/spectral_sequences.tex:436;chapters/theory/spectral_sequences.tex:561;chapters/theory/hochschild_cohomology.tex:404;chapters/theory/cobar_construction.tex:2727;chapters/theory/chiral_koszul_pairs.tex:3661;chapters/theory/chiral_koszul_pairs.tex:4803;chapters/theory/bar_cobar_adjunction_inversion.tex:2267;chapters/theory/bar_cobar_adjunction_inversion.tex:2299;chapters/theory/bar_cobar_adjunction_inversion.tex:2859;chapters/theory/higher_genus_modular_koszul.tex:1175;chapters/theory/higher_genus_modular_koszul.tex:9304;chapters/theory/higher_genus_modular_koszul.tex:13131;chapters/connections/bv_brst.tex:592;chapters/connections/bv_brst.tex:984;chapters/examples/kac_moody.tex:961	none
Wie19	chapters/theory/algebraic_foundations.tex:941	none
Willwacher15	chapters/theory/chiral_hochschild_koszul.tex:6027;chapters/theory/chiral_hochschild_koszul.tex:6076;chapters/theory/chiral_hochschild_koszul.tex:6197;chapters/theory/higher_genus_foundations.tex:7246;chapters/theory/en_koszul_duality.tex:1035;chapters/theory/en_koszul_duality.tex:1040;chapters/theory/en_koszul_duality.tex:6384	none
Wit89	chapters/theory/koszul_pair_structure.tex:1419;chapters/theory/koszul_pair_structure.tex:1590;chapters/theory/koszul_pair_structure.tex:1644;chapters/connections/genus_complete.tex:703	none
Witten86SFT	chapters/connections/frontier_modular_holography_platonic.tex:4268	none
Witten91	chapters/examples/genus_expansions.tex:1983;chapters/examples/genus_expansions.tex:1999;chapters/examples/genus_expansions.tex:2003	none
Witten93	chapters/theory/higher_genus_modular_koszul.tex:25833	none
Wolpert1985	chapters/connections/arithmetic_shadows.tex:10034	none
YZ18a	chapters/theory/ordered_associative_chiral_kd.tex:8514;chapters/theory/ordered_associative_chiral_kd.tex:8854;chapters/theory/ordered_associative_chiral_kd.tex:8896;chapters/theory/ordered_associative_chiral_kd.tex:9110	none
Yang67	chapters/examples/yangians_foundations.tex:300	none
Zamolodchikov	chapters/examples/w_algebras.tex:1788;chapters/examples/w_algebras.tex:2195;chapters/examples/w3_composite_fields.tex:290;chapters/examples/w3_composite_fields.tex:297;chapters/examples/w3_composite_fields.tex:305;chapters/examples/w3_composite_fields.tex:312;chapters/examples/w3_composite_fields.tex:333	none
Zeng23	chapters/connections/semistrict_modular_higher_spin_w3.tex:66;chapters/connections/semistrict_modular_higher_spin_w3.tex:720;chapters/connections/semistrict_modular_higher_spin_w3.tex:753	none
Zhang24	chapters/examples/yangians_computations.tex:2841;chapters/examples/yangians_computations.tex:2893;chapters/examples/yangians_computations.tex:3337;chapters/examples/yangians_computations.tex:3906	none
ZhangTheta24	chapters/examples/yangians_computations.tex:5074	none
Zhu96	chapters/theory/chiral_modules.tex:1859;chapters/theory/chiral_modules.tex:1862;chapters/theory/chiral_modules.tex:1880;chapters/theory/chiral_modules.tex:2079;chapters/theory/chiral_modules.tex:2094;chapters/theory/chiral_modules.tex:2104;chapters/theory/higher_genus_foundations.tex:868;chapters/theory/higher_genus_foundations.tex:935;chapters/theory/higher_genus_modular_koszul.tex:33013;chapters/theory/higher_genus_modular_koszul.tex:33040;chapters/connections/concordance.tex:9145;chapters/examples/kac_moody.tex:2675;chapters/examples/free_fields.tex:4901;chapters/examples/free_fields.tex:4979;chapters/examples/free_fields.tex:5226;chapters/examples/free_fields.tex:5226;chapters/examples/free_fields.tex:5321;chapters/examples/logarithmic_w_algebras.tex:268	Zhu
Zwi93	chapters/theory/chiral_hochschild_koszul.tex:4720;chapters/theory/chiral_koszul_pairs.tex:6268	none
Zwiebach93	chapters/connections/frontier_modular_holography_platonic.tex:4277	none
brown-mzv	chapters/theory/ordered_associative_chiral_kd.tex:763	none
costello-renormalization	chapters/theory/chiral_hochschild_koszul.tex:2591;chapters/theory/chiral_hochschild_koszul.tex:2805;chapters/theory/higher_genus_modular_koszul.tex:32579;chapters/frame/heisenberg_frame.tex:3709;chapters/connections/feynman_diagrams.tex:610;chapters/connections/bv_brst.tex:859;chapters/connections/genus_complete.tex:159;chapters/connections/genus_complete.tex:1513;chapters/connections/feynman_connection.tex:108;chapters/connections/editorial_constitution.tex:1987	none
costello-yamazaki	chapters/examples/yangians_drinfeld_kohno.tex:2246	none
dH89	chapters/theory/higher_genus_foundations.tex:3135	none
gaiotto-rapchak	chapters/examples/y_algebras.tex:8;chapters/examples/y_algebras.tex:103;chapters/examples/y_algebras.tex:130;chapters/examples/y_algebras.tex:155;chapters/examples/y_algebras.tex:292;chapters/examples/y_algebras.tex:665;chapters/examples/y_algebras.tex:847;chapters/examples/w_algebras_deep.tex:4977;chapters/examples/w_algebras_deep.tex:5031;chapters/examples/w_algebras_deep.tex:5044;chapters/examples/w_algebras_deep.tex:5049;chapters/examples/w_algebras_deep.tex:5057	none
keller-icm	chapters/theory/chiral_center_theorem.tex:2172	none
molev-yangians	chapters/theory/chiral_koszul_pairs.tex:4455;chapters/connections/concordance.tex:4816;chapters/connections/editorial_constitution.tex:2595;chapters/examples/yangians_computations.tex:2044;chapters/examples/yangians_drinfeld_kohno.tex:873;chapters/examples/yangians_foundations.tex:64;chapters/examples/yangians_foundations.tex:236;chapters/examples/yangians_foundations.tex:310;chapters/examples/yangians_foundations.tex:328;chapters/examples/yangians_foundations.tex:344;chapters/examples/yangians_foundations.tex:628;chapters/examples/yangians_foundations.tex:639	none
vdL03	chapters/theory/algebraic_foundations.tex:871;chapters/theory/higher_genus_modular_koszul.tex:10518;chapters/theory/higher_genus_modular_koszul.tex:10928	none
